﻿ID (Primary Key);Nome;Cognome;Città;Positivo;Ricoverato;Giorni di positività
1;Giuseppe;d'Amico;San Severo;No;No;0
2;Jamila;Alaggia;Roma;Si;No;15
3;Daria;Rossi;Lecce;Si;No;12
4;Alessandro ;Ciccarone;Roma;No;No;0
5;ALESSIO;ALLEGRETTA;Taranto;No;No;0
6;Jacopo;Cantaluppi;Como;Si;No;10
7;Francesco;Egizii;Firenze;Si;No;0
8;Valentina;Sciatore;Roma;Si;No;24
9;Simone;Rampazzo;Padova;Si;No;12
10;Paola;Zirilli;Gioia Tauro ;Si;No;0
11;Giovanni;Esposito;Pisa;No;No;0
12;William;Viggiani;Bari;No;No;0
13;Flavio;Butchiewietz;Bagolino;Si;No;18
14;Alessia ;Monasteri ;Torino;Si;No;28
15;GUIDO ANTONIO;TOCCI;Cosenza;No;No;0
16;Vincenzo;Giacalone Biondo;Palermo;Si;No;7
17;Maria Rosaria ;Tocci;Cosenza;Si;No;7
18;Mara;Cuomo;Venezia;Si;No;13
19;Mattia;Brugnaro;Padova;No;No;0
20;Elisabetta;De Vito-Francesco;Padova;Si;No;7
21;Tomasz;Juraszek;Modena;No;No;0
22;Gabriele;Pellegrino;Reggio Calabria;Si;No;18
23;Diana;Laudato;Roma;Si;No;9
24;Jacopo;Trono;Padova;No;No;0
25;Denis;Bosio;Cuneo;No;No;0
26;G.;Ferrara;Apricena;No;No;0
27;Federico;Vacca;Cagliari;Si;No;12
28;Pietro;Celona;Palermo;No;No;0
29;Pierluigi;Venneri;Cosenza;Si;No;15
30;Giulia;Murano;Crotone;Si;No;17
